{"cameraMode":{"drawMode":0,"name":"Shaded","section":"Shading Mode"},"sceneLighting":true,"audioPlay":false,"sceneViewState":{"showFog":true,"showMaterialUpdate":false,"showSkybox":true,"showFlares":true,"showImageEffects":true,"showParticleSystems":true},"in2DMode":false,"pivot":{"x":1.290010690689087,"y":1.243309497833252,"z":-9.002666473388672},"rotation":{"x":-0.004303056746721268,"y":-0.9862716794013977,"z":0.16302162408828736,"w":-0.026036400347948076},"size":20.87344741821289,"orthographic":false}